[
{
  "model": "tours.tour",
  "pk": 1,
  "fields": {
    "name": "Đà Lạt 3 ngày 2 đêm",
    "slug": "tour-da-lat-3-ngay-2-dem",
    "description": "Khám phá thành phố sương mù với hoa và café.",
    "location": "Đà Lạt",
    "price": "2500000.00",
    "duration": 3,
    "max_people": 19,
    "is_active": true,
    "is_hot": false,
    "created_at": "2025-12-18T14:22:22.552Z",
    "updated_at": "2026-01-22T17:04:20.324Z"
  }
},
{
  "model": "tours.tour",
  "pk": 2,
  "fields": {
    "name": "Phú Quốc nghỉ dưỡng",
    "slug": "tour-phu-quoc-nghi-duong",
    "description": "Thư giãn tại biển Phú Quốc với resort 5 sao.",
    "location": "Phú Quốc",
    "price": "3500000.00",
    "duration": 4,
    "max_people": 15,
    "is_active": true,
    "is_hot": true,
    "created_at": "2025-12-18T14:22:22.555Z",
    "updated_at": "2026-01-22T17:04:20.323Z"
  }
},
{
  "model": "tours.tour",
  "pk": 3,
  "fields": {
    "name": "Sapa trekking",
    "slug": "tour-sapa-trekking",
    "description": "Leo núi, thăm bản làng tại Sapa.",
    "location": "Sapa",
    "price": "1800000.00",
    "duration": 2,
    "max_people": 10,
    "is_active": true,
    "is_hot": true,
    "created_at": "2025-12-18T14:22:22.556Z",
    "updated_at": "2026-01-22T17:04:20.322Z"
  }
},
{
  "model": "tours.tour",
  "pk": 7,
  "fields": {
    "name": "Hà Nội - Hạ Long 3 ngày 2 đêm",
    "slug": "tour-ha-noi-ha-long-3-ngay-2-em",
    "description": "Khám phá thủ đô Hà Nội ngàn năm văn hiến và vịnh Hạ Long kỳ vĩ. Trải nghiệm Phố Cổ, Văn Miếu, và du thuyền qua đêm trên vịnh Di sản Thế giới UNESCO.",
    "location": "Hà Nội",
    "price": "4500000.00",
    "duration": 3,
    "max_people": 20,
    "is_active": true,
    "is_hot": true,
    "created_at": "2026-01-11T07:32:30.711Z",
    "updated_at": "2026-01-22T17:04:20.321Z"
  }
},
{
  "model": "tours.tour",
  "pk": 8,
  "fields": {
    "name": "Hạ Long Bay Luxury Cruise 2 ngày 1 đêm",
    "slug": "tour-ha-long-bay-luxury-cruise-2-ngay-1-em",
    "description": "Du thuyền sang trọng khám phá Vịnh Hạ Long với hơn 1,600 đảo đá vôi. Bao gồm kayak, thăm hang động, bữa tối seafood tươi sống và tập Thái Cực buổi sáng.",
    "location": "Hạ Long",
    "price": "6800000.00",
    "duration": 2,
    "max_people": 16,
    "is_active": true,
    "is_hot": false,
    "created_at": "2026-01-11T07:32:30.716Z",
    "updated_at": "2026-01-22T17:04:20.320Z"
  }
},
{
  "model": "tours.tour",
  "pk": 9,
  "fields": {
    "name": "Ninh Bình - Tràng An 1 ngày",
    "slug": "tour-ninh-binh-trang-an-1-ngay",
    "description": "Khám phá \"Vịnh Hạ Long trên cạn\" tại Tràng An. Chèo thuyền qua các hang động kỳ ảo, thăm chùa Bái Đính và ngắm cảnh đẹp Hang Múa.",
    "location": "Ninh Bình",
    "price": "1200000.00",
    "duration": 1,
    "max_people": 25,
    "is_active": true,
    "is_hot": false,
    "created_at": "2026-01-11T07:32:30.717Z",
    "updated_at": "2026-01-22T17:04:20.319Z"
  }
},
{
  "model": "tours.tour",
  "pk": 10,
  "fields": {
    "name": "Hội An - Huế - Đà Nẵng 4 ngày 3 đêm",
    "slug": "tour-hoi-an-hue-a-nang-4-ngay-3-em",
    "description": "Khám phá Di sản Văn hóa Thế giới: Phố cổ Hội An lung linh đèn lồng, Cố đô Huế hoàng gia, và Đà Nẵng hiện đại. Bao gồm Cầu Vàng, Bà Nà Hills.",
    "location": "Hội An",
    "price": "7200000.00",
    "duration": 4,
    "max_people": 18,
    "is_active": true,
    "is_hot": false,
    "created_at": "2026-01-11T07:32:30.719Z",
    "updated_at": "2026-01-22T17:04:20.318Z"
  }
},
{
  "model": "tours.tour",
  "pk": 11,
  "fields": {
    "name": "Huế Cố Đô 2 ngày 1 đêm",
    "slug": "tour-hue-co-o-2-ngay-1-em",
    "description": "Trải nghiệm lịch sử triều Nguyễn tại Cố đô Huế. Thăm Đại Nội, lăng Khải Định, thuyền rồng trên Sông Hương, và thưởng thức ẩm thực cung đình.",
    "location": "Huế",
    "price": "3200000.00",
    "duration": 2,
    "max_people": 20,
    "is_active": true,
    "is_hot": false,
    "created_at": "2026-01-11T07:32:30.720Z",
    "updated_at": "2026-01-22T17:04:20.317Z"
  }
},
{
  "model": "tours.tour",
  "pk": 12,
  "fields": {
    "name": "Hồ Chí Minh - Cần Thơ - Đồng bằng sông Cửu Long 3 ngày",
    "slug": "tour-ho-chi-minh-can-tho-ong-bang-song-cuu-long-3-ngay",
    "description": "Khám phá thành phố Hồ Chí Minh sôi động và miền Tây sông nước. Thăm chợ nổi Cái Răng, vườn trái cây, địa đạo Củ Chi, chùa Vĩnh Nghiêm.",
    "location": "Hồ Chí Minh",
    "price": "4800000.00",
    "duration": 3,
    "max_people": 22,
    "is_active": true,
    "is_hot": false,
    "created_at": "2026-01-11T07:32:30.721Z",
    "updated_at": "2026-01-22T17:04:20.315Z"
  }
},
{
  "model": "tours.tour",
  "pk": 13,
  "fields": {
    "name": "Nha Trang biển đảo 4 ngày 3 đêm",
    "slug": "tour-nha-trang-bien-ao-4-ngay-3-em",
    "description": "Nghỉ dưỡng tại bãi biển Nha Trang đẹp nhất Việt Nam. Tour tham quan 4 đảo, lặn ngắm san hô, tắm bùn khoáng, và thưởng thức hải sản tươi sống.",
    "location": "Nha Trang",
    "price": "5500000.00",
    "duration": 4,
    "max_people": 20,
    "is_active": true,
    "is_hot": false,
    "created_at": "2026-01-11T07:32:30.722Z",
    "updated_at": "2026-01-22T17:04:20.314Z"
  }
},
{
  "model": "tours.tour",
  "pk": 14,
  "fields": {
    "name": "Panorama Việt Nam từ Bắc vào Nam 10 ngày",
    "slug": "tour-panorama-viet-nam-tu-bac-vao-nam-10-ngay",
    "description": "Hành trình toàn cảnh Việt Nam: Hà Nội - Hạ Long - Đà Nẵng - Hội An - Sài Gòn - Mekong Delta. Trải nghiệm văn hóa và ẩm thực ba miền trong 10 ngày.",
    "location": "Hà Nội",
    "price": "18500000.00",
    "duration": 10,
    "max_people": 15,
    "is_active": true,
    "is_hot": true,
    "created_at": "2026-01-11T07:32:30.723Z",
    "updated_at": "2026-01-22T17:04:20.312Z"
  }
},
{
  "model": "tours.tour",
  "pk": 15,
  "fields": {
    "name": "Mekong Delta 2 ngày 1 đêm",
    "slug": "tour-mekong-delta-2-ngay-1-em",
    "description": "Khám phá miền Tây sông nước: chợ nổi Cái Răng, làng hoa Sa Đéc, vườn trái cây, trải nghiệm homestay với người dân địa phương.",
    "location": "Cần Thơ",
    "price": "2800000.00",
    "duration": 2,
    "max_people": 25,
    "is_active": true,
    "is_hot": true,
    "created_at": "2026-01-11T07:32:30.724Z",
    "updated_at": "2026-01-22T17:04:20.311Z"
  }
},
{
  "model": "tours.tour",
  "pk": 16,
  "fields": {
    "name": "Mũi Né 3 ngày 2 đêm",
    "slug": "tour-mui-ne-3-ngay-2-em",
    "description": "Nghỉ dưỡng tại bãi biển Mũi Né. Ngắm bình minh đồi cát bay, thăm suối Tiên, thưởng thức hải sản tươi sống và tham gia thể thao biển.",
    "location": "Phan Thiết",
    "price": "3900000.00",
    "duration": 3,
    "max_people": 18,
    "is_active": true,
    "is_hot": true,
    "created_at": "2026-01-11T07:32:30.725Z",
    "updated_at": "2026-01-22T17:04:20.307Z"
  }
},
{
  "model": "tours.tour",
  "pk": 17,
  "fields": {
    "name": "Khám phá Hà Giang - Mùa hoa Tam Giác Mạch",
    "slug": "khám-phá-hà-giang---mùa-hoa-tam-giác-mạch",
    "description": "Chinh phục Cao nguyên đá Đồng Văn, ngắm hoa tam giác mạch nở rộ, tham quan Cột cờ Lũng Cú và trải nghiệm văn hóa người H'Mông.",
    "location": "Hà Giang",
    "price": "3500000.00",
    "duration": 3,
    "max_people": 20,
    "is_active": true,
    "is_hot": false,
    "created_at": "2026-01-21T16:00:17.368Z",
    "updated_at": "2026-01-23T14:12:40.063Z"
  }
},
{
  "model": "tours.tour",
  "pk": 18,
  "fields": {
    "name": "Săn mây Tà Xùa - Thiên đường hạ giới",
    "slug": "săn-mây-tà-xùa---thiên-dường-hạ-giới",
    "description": "Trải nghiệm săn mây trên đỉnh Tà Xùa, thưởng thức chè cổ thụ Suối Giàng và check-in sống lưng khủng long hùng vĩ.",
    "location": "Sơn La",
    "price": "2800000.00",
    "duration": 2,
    "max_people": 20,
    "is_active": true,
    "is_hot": true,
    "created_at": "2026-01-21T16:00:17.380Z",
    "updated_at": "2026-01-23T14:12:40.061Z"
  }
},
{
  "model": "tours.tour",
  "pk": 19,
  "fields": {
    "name": "Động Phong Nha - Kẻ Bàng: Kỳ quan đệ nhất Động",
    "slug": "dộng-phong-nha---kẻ-bàng:-kỳ-quan-dệ-nhất-dộng",
    "description": "Khám phá hệ thống hang động kỳ vĩ nhất thế giới, chèo thuyền trên sông Son và trải nghiệm zipline sông Chày - hang Tối.",
    "location": "Quảng Bình",
    "price": "4200000.00",
    "duration": 3,
    "max_people": 20,
    "is_active": true,
    "is_hot": true,
    "created_at": "2026-01-21T16:00:17.384Z",
    "updated_at": "2026-01-23T14:12:40.060Z"
  }
},
{
  "model": "tours.tour",
  "pk": 20,
  "fields": {
    "name": "Quy Nhơn - Kỳ Co - Eo Gió: Maldives Việt Nam",
    "slug": "quy-nhơn---kỳ-co---eo-gió:-maldives-việt-nam",
    "description": "Tận hưởng bãi biển Kỳ Co trong xanh, ngắm hoàng hôn tại Eo Gió và thưởng thức hải sản tươi ngon đất võ Bình Định.",
    "location": "Bình Định",
    "price": "5500000.00",
    "duration": 4,
    "max_people": 20,
    "is_active": true,
    "is_hot": false,
    "created_at": "2026-01-21T16:00:17.386Z",
    "updated_at": "2026-01-23T13:26:33.834Z"
  }
},
{
  "model": "tours.tour",
  "pk": 21,
  "fields": {
    "name": "Tuyệt Tình Cốc Đà Lạt - Làng Cù Lần",
    "slug": "tuyệt-tình-cốc-dà-lạt---làng-cù-lần",
    "description": "Khám phá vẻ đẹp hoang sơ của Tuyệt Tình Cốc, Làng Cù Lần và trải nghiệm không khí se lạnh, lãng mạn của thành phố ngàn hoa.",
    "location": "Đà Lạt",
    "price": "3200000.00",
    "duration": 3,
    "max_people": 20,
    "is_active": true,
    "is_hot": false,
    "created_at": "2026-01-21T16:00:17.388Z",
    "updated_at": "2026-01-23T13:26:33.832Z"
  }
},
{
  "model": "tours.tour",
  "pk": 22,
  "fields": {
    "name": "Côn đảo tâm linh - Nghỉ dưỡng",
    "slug": "côn-dảo-tâm-linh-&-nghỉ-dưỡng",
    "description": "Viếng mộ cô Sáu linh thiêng, tham quan nhà tù Côn Đảo và nghỉ dưỡng tại những bãi biển hoang sơ đẹp nhất Việt Nam.",
    "location": "Bà Rịa - Vũng Tàu",
    "price": "6800000.00",
    "duration": 3,
    "max_people": 20,
    "is_active": true,
    "is_hot": false,
    "created_at": "2026-01-21T16:00:17.390Z",
    "updated_at": "2026-01-23T13:46:26.397Z"
  }
},
{
  "model": "tours.tour",
  "pk": 23,
  "fields": {
    "name": "Buôn Ma Thuột - Mùa hoa cà phê",
    "slug": "buôn-ma-thuột---mùa-hoa-cà-phê",
    "description": "Cưỡi voi Bản Đôn, ngắm thác Dray Nur hùng vĩ và thưởng thức hương vị cà phê đại ngàn Tây Nguyên.",
    "location": "Đắk Lắk",
    "price": "3900000.00",
    "duration": 3,
    "max_people": 20,
    "is_active": true,
    "is_hot": false,
    "created_at": "2026-01-21T16:00:17.392Z",
    "updated_at": "2026-01-23T14:12:40.057Z"
  }
},
{
  "model": "tours.tourimage",
  "pk": 2,
  "fields": {
    "tour": 1,
    "image": "tours/Hình-Nền-ĐL-Hè_71ntPBX.jpg",
    "alt_text": "",
    "is_main": true,
    "created_at": "2025-12-19T05:23:05.483Z"
  }
},
{
  "model": "tours.tourimage",
  "pk": 3,
  "fields": {
    "tour": 2,
    "image": "tours/WEB-PQ-sao-chép-1400x788.jpg",
    "alt_text": "",
    "is_main": true,
    "created_at": "2025-12-19T07:48:27.918Z"
  }
},
{
  "model": "tours.tourimage",
  "pk": 4,
  "fields": {
    "tour": 3,
    "image": "tours/mau-ngang-dai-2-1.jpg",
    "alt_text": "",
    "is_main": true,
    "created_at": "2025-12-19T07:49:54.608Z"
  }
},
{
  "model": "tours.tourimage",
  "pk": 5,
  "fields": {
    "tour": 7,
    "image": "tours/tour_7_ha_noi_ha_long_tour_1768394623908_HOTLBzT.png",
    "alt_text": "Tour Hà Nội - Hạ Long 3 ngày 2 đêm",
    "is_main": true,
    "created_at": "2026-01-14T12:47:25.239Z"
  }
},
{
  "model": "tours.tourimage",
  "pk": 6,
  "fields": {
    "tour": 8,
    "image": "tours/tour_8_ha_long_luxury_cruise_1768394649967_GpTgbVb.png",
    "alt_text": "Tour Hạ Long Bay Luxury Cruise 2 ngày 1 đêm",
    "is_main": true,
    "created_at": "2026-01-14T12:47:25.245Z"
  }
},
{
  "model": "tours.tourimage",
  "pk": 7,
  "fields": {
    "tour": 9,
    "image": "tours/tour_9_ninh_binh_trang_an_1768394666294_rXOmCUS.png",
    "alt_text": "Tour Ninh Bình - Tràng An 1 ngày",
    "is_main": true,
    "created_at": "2026-01-14T12:47:25.249Z"
  }
},
{
  "model": "tours.tourimage",
  "pk": 8,
  "fields": {
    "tour": 10,
    "image": "tours/tour_10_hoi_an_hue_da_nang_1768394688009_SqAhEWk.png",
    "alt_text": "Tour Hội An - Huế - Đà Nẵng 4 ngày 3 đêm",
    "is_main": true,
    "created_at": "2026-01-14T12:47:25.253Z"
  }
},
{
  "model": "tours.tourimage",
  "pk": 9,
  "fields": {
    "tour": 11,
    "image": "tours/tour_11_hue_imperial_city_1768394135604_VuUXf2S.png",
    "alt_text": "Tour Huế Cố Đô 2 ngày 1 đêm",
    "is_main": true,
    "created_at": "2026-01-14T12:47:25.256Z"
  }
},
{
  "model": "tours.tourimage",
  "pk": 11,
  "fields": {
    "tour": 13,
    "image": "tours/tour_13_nha_trang_beach_1768394098058_UhcFYOJ.png",
    "alt_text": "Tour Nha Trang biển đảo 4 ngày 3 đêm",
    "is_main": true,
    "created_at": "2026-01-14T12:47:25.263Z"
  }
},
{
  "model": "tours.tourimage",
  "pk": 12,
  "fields": {
    "tour": 14,
    "image": "tours/tour_14_vietnam_panorama_north_south_1768394751445_rlxq6WJ.png",
    "alt_text": "Tour Panorama Việt Nam từ Bắc vào Nam 10 ngày",
    "is_main": true,
    "created_at": "2026-01-14T12:47:25.266Z"
  }
},
{
  "model": "tours.tourimage",
  "pk": 13,
  "fields": {
    "tour": 15,
    "image": "tours/tour_15_mekong_delta_scenic_1768394082061_d9oEqyJ.png",
    "alt_text": "Tour Mekong Delta 2 ngày 1 đêm",
    "is_main": true,
    "created_at": "2026-01-14T12:47:25.269Z"
  }
},
{
  "model": "tours.tourimage",
  "pk": 15,
  "fields": {
    "tour": 12,
    "image": "tours/tour_12_updated_mekong_delta_can_tho_new_1768395091069_2cg7B9u.png",
    "alt_text": "Tour Hồ Chí Minh - Cần Thơ - Đồng bằng sông Cửu Long 3 ngày",
    "is_main": true,
    "created_at": "2026-01-14T12:52:06.024Z"
  }
},
{
  "model": "tours.tourimage",
  "pk": 16,
  "fields": {
    "tour": 16,
    "image": "tours/tour_16_updated_mui_ne_sand_dunes_new_1768395071287_tZynMuW.png",
    "alt_text": "Tour Mũi Né 3 ngày 2 đêm",
    "is_main": true,
    "created_at": "2026-01-14T12:52:06.029Z"
  }
},
{
  "model": "tours.tourimage",
  "pk": 24,
  "fields": {
    "tour": 23,
    "image": "tours/buon_ma_thuot.png",
    "alt_text": "Buôn Ma Thuột - Mùa Hoa Cà Phê",
    "is_main": true,
    "created_at": "2026-01-23T13:32:00.557Z"
  }
},
{
  "model": "tours.tourimage",
  "pk": 25,
  "fields": {
    "tour": 22,
    "image": "tours/con_dao.png",
    "alt_text": "Côn Đảo Tâm Linh & Nghỉ Dưỡng",
    "is_main": true,
    "created_at": "2026-01-23T13:32:00.563Z"
  }
},
{
  "model": "tours.tourimage",
  "pk": 26,
  "fields": {
    "tour": 21,
    "image": "tours/tuyet_tinh_coc.png",
    "alt_text": "Tuyệt Tình Cốc Đà Lạt - Làng Cù Lần",
    "is_main": true,
    "created_at": "2026-01-23T13:32:00.565Z"
  }
},
{
  "model": "tours.tourimage",
  "pk": 27,
  "fields": {
    "tour": 20,
    "image": "tours/quy_nhon.png",
    "alt_text": "Quy Nhơn - Kỳ Co - Eo Gió: Maldives Việt Nam",
    "is_main": true,
    "created_at": "2026-01-23T13:32:00.568Z"
  }
},
{
  "model": "tours.tourimage",
  "pk": 28,
  "fields": {
    "tour": 19,
    "image": "tours/phong_nha.png",
    "alt_text": "Động Phong Nha - Kẻ Bàng: Kỳ Quan Đệ Nhất Động",
    "is_main": true,
    "created_at": "2026-01-23T13:32:00.570Z"
  }
},
{
  "model": "tours.tourimage",
  "pk": 29,
  "fields": {
    "tour": 18,
    "image": "tours/ta_xua.png",
    "alt_text": "Săn Mây Tà Xùa - Thiên Đường Hạ Giới",
    "is_main": true,
    "created_at": "2026-01-23T13:32:00.572Z"
  }
},
{
  "model": "tours.tourimage",
  "pk": 30,
  "fields": {
    "tour": 17,
    "image": "tours/ha_giang.png",
    "alt_text": "Khám phá Hà Giang - Mùa Hoa Tam Giác Mạch",
    "is_main": true,
    "created_at": "2026-01-23T13:32:00.575Z"
  }
},
{
  "model": "tours.review",
  "pk": 13,
  "fields": {
    "booking": 86,
    "tour": 2,
    "user": 1,
    "rating": 4,
    "comment": "tạm được",
    "is_featured": false,
    "created_at": "2026-01-10T08:38:56.263Z",
    "updated_at": "2026-01-10T08:38:56.263Z"
  }
},
{
  "model": "tours.review",
  "pk": 14,
  "fields": {
    "booking": 85,
    "tour": 3,
    "user": 1,
    "rating": 5,
    "comment": "đẹp",
    "is_featured": false,
    "created_at": "2026-01-10T08:39:04.574Z",
    "updated_at": "2026-01-10T08:39:04.574Z"
  }
},
{
  "model": "tours.review",
  "pk": 15,
  "fields": {
    "booking": 84,
    "tour": 3,
    "user": 1,
    "rating": 3,
    "comment": "cũng được",
    "is_featured": false,
    "created_at": "2026-01-10T08:45:00.259Z",
    "updated_at": "2026-01-10T08:45:00.259Z"
  }
},
{
  "model": "tours.review",
  "pk": 16,
  "fields": {
    "booking": 83,
    "tour": 3,
    "user": 1,
    "rating": 2,
    "comment": "k vui",
    "is_featured": false,
    "created_at": "2026-01-10T08:58:06.208Z",
    "updated_at": "2026-01-10T08:58:06.208Z"
  }
},
{
  "model": "tours.review",
  "pk": 17,
  "fields": {
    "booking": 91,
    "tour": 1,
    "user": 1,
    "rating": 2,
    "comment": "cũng tạm",
    "is_featured": false,
    "created_at": "2026-01-10T09:36:44.909Z",
    "updated_at": "2026-01-10T09:36:44.909Z"
  }
},
{
  "model": "tours.review",
  "pk": 18,
  "fields": {
    "booking": 96,
    "tour": 2,
    "user": 1,
    "rating": 5,
    "comment": "Một trải nghiệm rất tuyệt vời",
    "is_featured": false,
    "created_at": "2026-01-11T06:47:51.374Z",
    "updated_at": "2026-01-11T06:47:51.374Z"
  }
},
{
  "model": "tours.review",
  "pk": 19,
  "fields": {
    "booking": 97,
    "tour": 9,
    "user": 6,
    "rating": 5,
    "comment": "được đấy",
    "is_featured": false,
    "created_at": "2026-01-13T07:56:50.315Z",
    "updated_at": "2026-01-13T07:56:50.315Z"
  }
},
{
  "model": "tours.review",
  "pk": 20,
  "fields": {
    "booking": 119,
    "tour": 16,
    "user": 1,
    "rating": 4,
    "comment": "ok",
    "is_featured": false,
    "created_at": "2026-01-18T09:25:09.124Z",
    "updated_at": "2026-01-18T09:25:09.124Z"
  }
},
{
  "model": "tours.review",
  "pk": 21,
  "fields": {
    "booking": 129,
    "tour": 1,
    "user": 1,
    "rating": 5,
    "comment": "Tuyệt vời",
    "is_featured": false,
    "created_at": "2026-01-18T14:00:34.820Z",
    "updated_at": "2026-01-18T14:00:34.820Z"
  }
},
{
  "model": "bookings.booking",
  "pk": 80,
  "fields": {
    "user": 1,
    "tour": 3,
    "booking_date": "2026-01-08",
    "num_adults": 1,
    "num_children": 0,
    "total_price": "1800000.00",
    "status": "cancelled",
    "payment_status": "cancelled",
    "deposit_required": false,
    "deposit_percentage": "0.00",
    "deposit_amount": "0.00",
    "deposit_paid": false,
    "created_at": "2026-01-01T19:15:32.668Z",
    "updated_at": "2026-01-16T15:31:10.899Z"
  }
},
{
  "model": "bookings.booking",
  "pk": 81,
  "fields": {
    "user": 1,
    "tour": 3,
    "booking_date": "2026-01-03",
    "num_adults": 1,
    "num_children": 0,
    "total_price": "1800000.00",
    "status": "cancelled",
    "payment_status": "cancelled",
    "deposit_required": false,
    "deposit_percentage": "0.00",
    "deposit_amount": "0.00",
    "deposit_paid": false,
    "created_at": "2026-01-01T19:30:48.736Z",
    "updated_at": "2026-01-16T15:31:10.899Z"
  }
},
{
  "model": "bookings.booking",
  "pk": 83,
  "fields": {
    "user": 1,
    "tour": 3,
    "booking_date": "2026-01-03",
    "num_adults": 1,
    "num_children": 0,
    "total_price": "1800000.00",
    "status": "pending",
    "payment_status": "paid",
    "deposit_required": false,
    "deposit_percentage": "0.00",
    "deposit_amount": "0.00",
    "deposit_paid": false,
    "created_at": "2026-01-02T08:01:43.948Z",
    "updated_at": "2026-01-02T08:02:31.515Z"
  }
},
{
  "model": "bookings.booking",
  "pk": 84,
  "fields": {
    "user": 1,
    "tour": 3,
    "booking_date": "2026-01-03",
    "num_adults": 1,
    "num_children": 0,
    "total_price": "1800000.00",
    "status": "pending",
    "payment_status": "paid",
    "deposit_required": true,
    "deposit_percentage": "0.50",
    "deposit_amount": "900000.00",
    "deposit_paid": true,
    "created_at": "2026-01-02T08:05:08.710Z",
    "updated_at": "2026-01-02T08:08:06.709Z"
  }
},
{
  "model": "bookings.booking",
  "pk": 85,
  "fields": {
    "user": 1,
    "tour": 3,
    "booking_date": "2026-01-03",
    "num_adults": 1,
    "num_children": 0,
    "total_price": "1800000.00",
    "status": "pending",
    "payment_status": "paid",
    "deposit_required": true,
    "deposit_percentage": "0.50",
    "deposit_amount": "900000.00",
    "deposit_paid": true,
    "created_at": "2026-01-02T08:14:00.576Z",
    "updated_at": "2026-01-02T08:16:00.020Z"
  }
},
{
  "model": "bookings.booking",
  "pk": 86,
  "fields": {
    "user": 1,
    "tour": 2,
    "booking_date": "2026-01-03",
    "num_adults": 1,
    "num_children": 0,
    "total_price": "3500000.00",
    "status": "pending",
    "payment_status": "paid",
    "deposit_required": true,
    "deposit_percentage": "0.50",
    "deposit_amount": "1750000.00",
    "deposit_paid": true,
    "created_at": "2026-01-02T08:17:46.459Z",
    "updated_at": "2026-01-02T09:04:30.038Z"
  }
},
{
  "model": "bookings.booking",
  "pk": 89,
  "fields": {
    "user": 1,
    "tour": 3,
    "booking_date": "2026-01-07",
    "num_adults": 2,
    "num_children": 0,
    "total_price": "3600000.00",
    "status": "cancelled",
    "payment_status": "cancelled",
    "deposit_required": false,
    "deposit_percentage": "0.00",
    "deposit_amount": "0.00",
    "deposit_paid": false,
    "created_at": "2026-01-06T16:00:23.806Z",
    "updated_at": "2026-01-16T15:31:10.898Z"
  }
},
{
  "model": "bookings.booking",
  "pk": 90,
  "fields": {
    "user": 1,
    "tour": 1,
    "booking_date": "2026-01-08",
    "num_adults": 1,
    "num_children": 0,
    "total_price": "2500000.00",
    "status": "cancelled",
    "payment_status": "cancelled",
    "deposit_required": false,
    "deposit_percentage": "0.00",
    "deposit_amount": "0.00",
    "deposit_paid": false,
    "created_at": "2026-01-06T17:35:10.916Z",
    "updated_at": "2026-01-16T15:31:10.898Z"
  }
},
{
  "model": "bookings.booking",
  "pk": 91,
  "fields": {
    "user": 1,
    "tour": 1,
    "booking_date": "2026-01-11",
    "num_adults": 2,
    "num_children": 0,
    "total_price": "5000000.00",
    "status": "pending",
    "payment_status": "paid",
    "deposit_required": false,
    "deposit_percentage": "0.00",
    "deposit_amount": "0.00",
    "deposit_paid": false,
    "created_at": "2026-01-10T09:35:35.205Z",
    "updated_at": "2026-01-10T09:36:28.768Z"
  }
},
{
  "model": "bookings.booking",
  "pk": 92,
  "fields": {
    "user": 1,
    "tour": 2,
    "booking_date": "2026-01-11",
    "num_adults": 1,
    "num_children": 0,
    "total_price": "3500000.00",
    "status": "cancelled",
    "payment_status": "cancelled",
    "deposit_required": false,
    "deposit_percentage": "0.00",
    "deposit_amount": "0.00",
    "deposit_paid": false,
    "created_at": "2026-01-10T09:37:27.358Z",
    "updated_at": "2026-01-16T15:31:10.896Z"
  }
},
{
  "model": "bookings.booking",
  "pk": 93,
  "fields": {
    "user": 1,
    "tour": 2,
    "booking_date": "2026-01-11",
    "num_adults": 2,
    "num_children": 0,
    "total_price": "7000000.00",
    "status": "cancelled",
    "payment_status": "cancelled",
    "deposit_required": false,
    "deposit_percentage": "0.00",
    "deposit_amount": "0.00",
    "deposit_paid": false,
    "created_at": "2026-01-10T09:53:29.184Z",
    "updated_at": "2026-01-16T15:31:10.896Z"
  }
},
{
  "model": "bookings.booking",
  "pk": 94,
  "fields": {
    "user": 1,
    "tour": 2,
    "booking_date": "2026-01-11",
    "num_adults": 1,
    "num_children": 0,
    "total_price": "3500000.00",
    "status": "cancelled",
    "payment_status": "cancelled",
    "deposit_required": false,
    "deposit_percentage": "0.00",
    "deposit_amount": "0.00",
    "deposit_paid": false,
    "created_at": "2026-01-10T10:15:04.244Z",
    "updated_at": "2026-01-16T15:31:10.895Z"
  }
},
{
  "model": "bookings.booking",
  "pk": 95,
  "fields": {
    "user": 1,
    "tour": 1,
    "booking_date": "2026-01-11",
    "num_adults": 1,
    "num_children": 0,
    "total_price": "2500000.00",
    "status": "cancelled",
    "payment_status": "cancelled",
    "deposit_required": false,
    "deposit_percentage": "0.00",
    "deposit_amount": "0.00",
    "deposit_paid": false,
    "created_at": "2026-01-10T10:19:06.400Z",
    "updated_at": "2026-01-16T15:31:10.895Z"
  }
},
{
  "model": "bookings.booking",
  "pk": 96,
  "fields": {
    "user": 1,
    "tour": 2,
    "booking_date": "2026-01-11",
    "num_adults": 2,
    "num_children": 0,
    "total_price": "7000000.00",
    "status": "pending",
    "payment_status": "paid",
    "deposit_required": true,
    "deposit_percentage": "0.50",
    "deposit_amount": "3500000.00",
    "deposit_paid": true,
    "created_at": "2026-01-10T15:29:25.258Z",
    "updated_at": "2026-01-10T16:26:06.782Z"
  }
},
{
  "model": "bookings.booking",
  "pk": 97,
  "fields": {
    "user": 6,
    "tour": 9,
    "booking_date": "2026-01-14",
    "num_adults": 1,
    "num_children": 0,
    "total_price": "1200000.00",
    "status": "pending",
    "payment_status": "paid",
    "deposit_required": false,
    "deposit_percentage": "0.00",
    "deposit_amount": "0.00",
    "deposit_paid": false,
    "created_at": "2026-01-13T07:27:31.112Z",
    "updated_at": "2026-01-13T07:29:00.128Z"
  }
},
{
  "model": "bookings.booking",
  "pk": 98,
  "fields": {
    "user": 6,
    "tour": 15,
    "booking_date": "2026-01-14",
    "num_adults": 1,
    "num_children": 0,
    "total_price": "2800000.00",
    "status": "pending",
    "payment_status": "cancelled",
    "deposit_required": false,
    "deposit_percentage": "0.00",
    "deposit_amount": "0.00",
    "deposit_paid": false,
    "created_at": "2026-01-13T07:57:20.255Z",
    "updated_at": "2026-01-16T18:39:34.806Z"
  }
},
{
  "model": "bookings.booking",
  "pk": 99,
  "fields": {
    "user": 1,
    "tour": 14,
    "booking_date": "2026-01-15",
    "num_adults": 1,
    "num_children": 0,
    "total_price": "18500000.00",
    "status": "cancelled",
    "payment_status": "cancelled",
    "deposit_required": false,
    "deposit_percentage": "0.00",
    "deposit_amount": "0.00",
    "deposit_paid": false,
    "created_at": "2026-01-14T08:11:52.838Z",
    "updated_at": "2026-01-16T15:31:10.894Z"
  }
},
{
  "model": "bookings.booking",
  "pk": 100,
  "fields": {
    "user": 1,
    "tour": 16,
    "booking_date": "2026-01-15",
    "num_adults": 2,
    "num_children": 1,
    "total_price": "11700000.00",
    "status": "cancelled",
    "payment_status": "cancelled",
    "deposit_required": false,
    "deposit_percentage": "0.00",
    "deposit_amount": "0.00",
    "deposit_paid": false,
    "created_at": "2026-01-14T08:16:23.327Z",
    "updated_at": "2026-01-16T15:31:10.894Z"
  }
},
{
  "model": "bookings.booking",
  "pk": 101,
  "fields": {
    "user": 1,
    "tour": 15,
    "booking_date": "2026-01-15",
    "num_adults": 1,
    "num_children": 0,
    "total_price": "2800000.00",
    "status": "cancelled",
    "payment_status": "cancelled",
    "deposit_required": false,
    "deposit_percentage": "0.00",
    "deposit_amount": "0.00",
    "deposit_paid": false,
    "created_at": "2026-01-14T09:39:26.387Z",
    "updated_at": "2026-01-16T15:31:10.893Z"
  }
},
{
  "model": "bookings.booking",
  "pk": 102,
  "fields": {
    "user": 1,
    "tour": 15,
    "booking_date": "2026-01-15",
    "num_adults": 1,
    "num_children": 0,
    "total_price": "2800000.00",
    "status": "pending",
    "payment_status": "paid",
    "deposit_required": false,
    "deposit_percentage": "0.00",
    "deposit_amount": "0.00",
    "deposit_paid": false,
    "created_at": "2026-01-14T09:39:32.446Z",
    "updated_at": "2026-01-14T09:41:03.477Z"
  }
},
{
  "model": "bookings.booking",
  "pk": 103,
  "fields": {
    "user": 1,
    "tour": 16,
    "booking_date": "2026-01-17",
    "num_adults": 2,
    "num_children": 0,
    "total_price": "7800000.00",
    "status": "cancelled",
    "payment_status": "cancelled",
    "deposit_required": false,
    "deposit_percentage": "0.00",
    "deposit_amount": "0.00",
    "deposit_paid": false,
    "created_at": "2026-01-16T14:14:38.564Z",
    "updated_at": "2026-01-16T15:31:10.892Z"
  }
},
{
  "model": "bookings.booking",
  "pk": 104,
  "fields": {
    "user": 1,
    "tour": 14,
    "booking_date": "2026-01-17",
    "num_adults": 2,
    "num_children": 0,
    "total_price": "37000000.00",
    "status": "cancelled",
    "payment_status": "cancelled",
    "deposit_required": false,
    "deposit_percentage": "0.00",
    "deposit_amount": "0.00",
    "deposit_paid": false,
    "created_at": "2026-01-16T14:41:13.280Z",
    "updated_at": "2026-01-16T15:31:10.891Z"
  }
},
{
  "model": "bookings.booking",
  "pk": 105,
  "fields": {
    "user": 1,
    "tour": 14,
    "booking_date": "2026-01-17",
    "num_adults": 1,
    "num_children": 0,
    "total_price": "18500000.00",
    "status": "cancelled",
    "payment_status": "cancelled",
    "deposit_required": false,
    "deposit_percentage": "0.00",
    "deposit_amount": "0.00",
    "deposit_paid": false,
    "created_at": "2026-01-16T14:45:50.902Z",
    "updated_at": "2026-01-16T15:31:10.890Z"
  }
},
{
  "model": "bookings.booking",
  "pk": 106,
  "fields": {
    "user": 1,
    "tour": 14,
    "booking_date": "2026-01-17",
    "num_adults": 1,
    "num_children": 0,
    "total_price": "18500000.00",
    "status": "cancelled",
    "payment_status": "cancelled",
    "deposit_required": false,
    "deposit_percentage": "0.00",
    "deposit_amount": "0.00",
    "deposit_paid": false,
    "created_at": "2026-01-16T15:10:00.782Z",
    "updated_at": "2026-01-16T15:31:10.887Z"
  }
},
{
  "model": "bookings.booking",
  "pk": 107,
  "fields": {
    "user": 1,
    "tour": 12,
    "booking_date": "2026-01-17",
    "num_adults": 1,
    "num_children": 0,
    "total_price": "4800000.00",
    "status": "cancelled",
    "payment_status": "cancelled",
    "deposit_required": false,
    "deposit_percentage": "0.00",
    "deposit_amount": "0.00",
    "deposit_paid": false,
    "created_at": "2026-01-16T15:26:47.252Z",
    "updated_at": "2026-01-17T03:01:38.715Z"
  }
},
{
  "model": "bookings.booking",
  "pk": 108,
  "fields": {
    "user": 1,
    "tour": 12,
    "booking_date": "2026-01-17",
    "num_adults": 1,
    "num_children": 0,
    "total_price": "4800000.00",
    "status": "cancelled",
    "payment_status": "cancelled",
    "deposit_required": false,
    "deposit_percentage": "0.00",
    "deposit_amount": "0.00",
    "deposit_paid": false,
    "created_at": "2026-01-16T15:26:48.186Z",
    "updated_at": "2026-01-17T03:01:26.869Z"
  }
},
{
  "model": "bookings.booking",
  "pk": 116,
  "fields": {
    "user": 1,
    "tour": 8,
    "booking_date": "2026-01-18",
    "num_adults": 1,
    "num_children": 0,
    "total_price": "6800000.00",
    "status": "cancelled",
    "payment_status": "cancelled",
    "deposit_required": false,
    "deposit_percentage": "0.00",
    "deposit_amount": "0.00",
    "deposit_paid": false,
    "created_at": "2026-01-17T04:33:17.410Z",
    "updated_at": "2026-01-17T05:05:14.603Z"
  }
},
{
  "model": "bookings.booking",
  "pk": 117,
  "fields": {
    "user": 1,
    "tour": 16,
    "booking_date": "2026-01-17",
    "num_adults": 1,
    "num_children": 0,
    "total_price": "3900000.00",
    "status": "cancelled",
    "payment_status": "cancelled",
    "deposit_required": false,
    "deposit_percentage": "0.00",
    "deposit_amount": "0.00",
    "deposit_paid": false,
    "created_at": "2026-01-17T04:48:43.083Z",
    "updated_at": "2026-01-17T13:33:00.826Z"
  }
},
{
  "model": "bookings.booking",
  "pk": 118,
  "fields": {
    "user": 1,
    "tour": 16,
    "booking_date": "2026-01-17",
    "num_adults": 1,
    "num_children": 0,
    "total_price": "3900000.00",
    "status": "cancelled",
    "payment_status": "cancelled",
    "deposit_required": false,
    "deposit_percentage": "0.00",
    "deposit_amount": "0.00",
    "deposit_paid": false,
    "created_at": "2026-01-17T11:15:31.446Z",
    "updated_at": "2026-01-17T11:52:29.509Z"
  }
},
{
  "model": "bookings.booking",
  "pk": 119,
  "fields": {
    "user": 1,
    "tour": 16,
    "booking_date": "2026-01-18",
    "num_adults": 1,
    "num_children": 0,
    "total_price": "3900000.00",
    "status": "pending",
    "payment_status": "paid",
    "deposit_required": false,
    "deposit_percentage": "0.00",
    "deposit_amount": "0.00",
    "deposit_paid": false,
    "created_at": "2026-01-17T13:33:46.237Z",
    "updated_at": "2026-01-17T13:34:54.211Z"
  }
},
{
  "model": "bookings.booking",
  "pk": 120,
  "fields": {
    "user": 1,
    "tour": 16,
    "booking_date": "2026-01-18",
    "num_adults": 1,
    "num_children": 0,
    "total_price": "3900000.00",
    "status": "cancelled",
    "payment_status": "cancelled",
    "deposit_required": false,
    "deposit_percentage": "0.00",
    "deposit_amount": "0.00",
    "deposit_paid": false,
    "created_at": "2026-01-18T04:03:09.004Z",
    "updated_at": "2026-01-18T04:28:00.338Z"
  }
},
{
  "model": "bookings.booking",
  "pk": 121,
  "fields": {
    "user": 1,
    "tour": 16,
    "booking_date": "2026-01-19",
    "num_adults": 1,
    "num_children": 0,
    "total_price": "3900000.00",
    "status": "pending",
    "payment_status": "cancelled",
    "deposit_required": false,
    "deposit_percentage": "0.00",
    "deposit_amount": "0.00",
    "deposit_paid": false,
    "created_at": "2026-01-18T04:39:30.244Z",
    "updated_at": "2026-01-18T06:02:54.519Z"
  }
},
{
  "model": "bookings.booking",
  "pk": 122,
  "fields": {
    "user": 1,
    "tour": 15,
    "booking_date": "2026-01-19",
    "num_adults": 3,
    "num_children": 0,
    "total_price": "8400000.00",
    "status": "cancelled",
    "payment_status": "cancelled",
    "deposit_required": false,
    "deposit_percentage": "0.00",
    "deposit_amount": "0.00",
    "deposit_paid": false,
    "created_at": "2026-01-18T06:04:58.831Z",
    "updated_at": "2026-01-18T06:27:12.701Z"
  }
},
{
  "model": "bookings.booking",
  "pk": 123,
  "fields": {
    "user": 1,
    "tour": 16,
    "booking_date": "2026-01-19",
    "num_adults": 2,
    "num_children": 0,
    "total_price": "7800000.00",
    "status": "pending",
    "payment_status": "cancelled",
    "deposit_required": false,
    "deposit_percentage": "0.00",
    "deposit_amount": "0.00",
    "deposit_paid": false,
    "created_at": "2026-01-18T06:27:54.670Z",
    "updated_at": "2026-01-18T06:55:58.566Z"
  }
},
{
  "model": "bookings.booking",
  "pk": 124,
  "fields": {
    "user": 1,
    "tour": 16,
    "booking_date": "2026-01-19",
    "num_adults": 2,
    "num_children": 0,
    "total_price": "7800000.00",
    "status": "pending",
    "payment_status": "cancelled",
    "deposit_required": false,
    "deposit_percentage": "0.00",
    "deposit_amount": "0.00",
    "deposit_paid": false,
    "created_at": "2026-01-18T06:27:55.268Z",
    "updated_at": "2026-01-18T06:55:59.873Z"
  }
},
{
  "model": "bookings.booking",
  "pk": 125,
  "fields": {
    "user": 1,
    "tour": 12,
    "booking_date": "2026-01-19",
    "num_adults": 3,
    "num_children": 0,
    "total_price": "14400000.00",
    "status": "cancelled",
    "payment_status": "cancelled",
    "deposit_required": false,
    "deposit_percentage": "0.00",
    "deposit_amount": "0.00",
    "deposit_paid": false,
    "created_at": "2026-01-18T06:59:58.924Z",
    "updated_at": "2026-01-18T07:19:59.340Z"
  }
},
{
  "model": "bookings.booking",
  "pk": 126,
  "fields": {
    "user": 1,
    "tour": 12,
    "booking_date": "2026-01-19",
    "num_adults": 4,
    "num_children": 0,
    "total_price": "19200000.00",
    "status": "pending",
    "payment_status": "cancelled",
    "deposit_required": false,
    "deposit_percentage": "0.00",
    "deposit_amount": "0.00",
    "deposit_paid": false,
    "created_at": "2026-01-18T07:20:31.669Z",
    "updated_at": "2026-01-18T09:24:51.109Z"
  }
},
{
  "model": "bookings.booking",
  "pk": 127,
  "fields": {
    "user": 1,
    "tour": 14,
    "booking_date": "2026-01-19",
    "num_adults": 1,
    "num_children": 0,
    "total_price": "18500000.00",
    "status": "pending",
    "payment_status": "cancelled",
    "deposit_required": false,
    "deposit_percentage": "0.00",
    "deposit_amount": "0.00",
    "deposit_paid": false,
    "created_at": "2026-01-18T07:21:11.290Z",
    "updated_at": "2026-01-18T09:24:51.107Z"
  }
},
{
  "model": "bookings.booking",
  "pk": 128,
  "fields": {
    "user": 1,
    "tour": 15,
    "booking_date": "2026-01-19",
    "num_adults": 1,
    "num_children": 0,
    "total_price": "2800000.00",
    "status": "pending",
    "payment_status": "cancelled",
    "deposit_required": false,
    "deposit_percentage": "0.00",
    "deposit_amount": "0.00",
    "deposit_paid": false,
    "created_at": "2026-01-18T09:27:07.329Z",
    "updated_at": "2026-01-18T09:42:40.452Z"
  }
},
{
  "model": "bookings.booking",
  "pk": 129,
  "fields": {
    "user": 1,
    "tour": 1,
    "booking_date": "2026-01-19",
    "num_adults": 1,
    "num_children": 0,
    "total_price": "2500000.00",
    "status": "pending",
    "payment_status": "paid",
    "deposit_required": true,
    "deposit_percentage": "0.50",
    "deposit_amount": "1250000.00",
    "deposit_paid": true,
    "created_at": "2026-01-18T13:58:32.491Z",
    "updated_at": "2026-01-18T14:00:18.653Z"
  }
},
{
  "model": "bookings.booking",
  "pk": 130,
  "fields": {
    "user": 1,
    "tour": 14,
    "booking_date": "2026-01-21",
    "num_adults": 2,
    "num_children": 0,
    "total_price": "37000000.00",
    "status": "pending",
    "payment_status": "cancelled",
    "deposit_required": false,
    "deposit_percentage": "0.00",
    "deposit_amount": "0.00",
    "deposit_paid": false,
    "created_at": "2026-01-20T13:07:32.142Z",
    "updated_at": "2026-01-22T17:12:42.103Z"
  }
},
{
  "model": "bookings.booking",
  "pk": 151,
  "fields": {
    "user": 1,
    "tour": 23,
    "booking_date": "2026-01-24",
    "num_adults": 1,
    "num_children": 0,
    "total_price": "3900000.00",
    "status": "cancelled",
    "payment_status": "cancelled",
    "deposit_required": false,
    "deposit_percentage": "0.00",
    "deposit_amount": "0.00",
    "deposit_paid": false,
    "created_at": "2026-01-22T17:12:39.533Z",
    "updated_at": "2026-01-22T17:38:22.532Z"
  }
},
{
  "model": "bookings.booking",
  "pk": 152,
  "fields": {
    "user": 1,
    "tour": 22,
    "booking_date": "2026-01-24",
    "num_adults": 1,
    "num_children": 0,
    "total_price": "6800000.00",
    "status": "pending",
    "payment_status": "paid",
    "deposit_required": false,
    "deposit_percentage": "0.00",
    "deposit_amount": "0.00",
    "deposit_paid": false,
    "created_at": "2026-01-22T17:13:15.164Z",
    "updated_at": "2026-01-22T17:14:09.518Z"
  }
},
{
  "model": "bookings.booking",
  "pk": 153,
  "fields": {
    "user": 37,
    "tour": 16,
    "booking_date": "2026-01-30",
    "num_adults": 2,
    "num_children": 2,
    "total_price": "15600000.00",
    "status": "pending",
    "payment_status": "pending",
    "deposit_required": false,
    "deposit_percentage": "0.00",
    "deposit_amount": "0.00",
    "deposit_paid": false,
    "created_at": "2026-01-23T07:47:02.713Z",
    "updated_at": "2026-01-23T07:47:02.713Z"
  }
},
{
  "model": "bookings.booking",
  "pk": 154,
  "fields": {
    "user": 38,
    "tour": 23,
    "booking_date": "2026-02-06",
    "num_adults": 3,
    "num_children": 3,
    "total_price": "23400000.00",
    "status": "pending",
    "payment_status": "pending",
    "deposit_required": false,
    "deposit_percentage": "0.00",
    "deposit_amount": "0.00",
    "deposit_paid": false,
    "created_at": "2026-01-23T08:37:09.878Z",
    "updated_at": "2026-01-23T08:37:09.878Z"
  }
},
{
  "model": "payments.payment",
  "pk": 217,
  "fields": {
    "booking": 80,
    "user": 1,
    "amount": "1800000.00",
    "method": "momo",
    "status": "payment_failed",
    "transaction_ref": null,
    "momo_result_code": null,
    "momo_message": "HTTP 500",
    "momo_request_id": null,
    "momo_order_id": null,
    "momo_payment_type": "ATM",
    "receipt_image": "",
    "payment_completed_at": null,
    "created_at": "2026-01-01T19:15:34.946Z",
    "updated_at": "2026-01-01T19:15:36.165Z"
  }
},
{
  "model": "payments.payment",
  "pk": 218,
  "fields": {
    "booking": 80,
    "user": 1,
    "amount": "1800000.00",
    "method": "momo",
    "status": "payment_failed",
    "transaction_ref": null,
    "momo_result_code": null,
    "momo_message": "HTTP 500",
    "momo_request_id": null,
    "momo_order_id": null,
    "momo_payment_type": "ATM",
    "receipt_image": "",
    "payment_completed_at": null,
    "created_at": "2026-01-01T19:17:16.059Z",
    "updated_at": "2026-01-01T19:17:16.270Z"
  }
},
{
  "model": "payments.payment",
  "pk": 219,
  "fields": {
    "booking": 80,
    "user": 1,
    "amount": "1800000.00",
    "method": "momo",
    "status": "payment_failed",
    "transaction_ref": null,
    "momo_result_code": null,
    "momo_message": "HTTP 500",
    "momo_request_id": null,
    "momo_order_id": null,
    "momo_payment_type": "ATM",
    "receipt_image": "",
    "payment_completed_at": null,
    "created_at": "2026-01-01T19:27:03.067Z",
    "updated_at": "2026-01-01T19:27:03.286Z"
  }
},
{
  "model": "payments.payment",
  "pk": 220,
  "fields": {
    "booking": 81,
    "user": 1,
    "amount": "1800000.00",
    "method": "momo",
    "status": "payment_failed",
    "transaction_ref": null,
    "momo_result_code": null,
    "momo_message": "HTTP 500",
    "momo_request_id": null,
    "momo_order_id": null,
    "momo_payment_type": "ATM",
    "receipt_image": "",
    "payment_completed_at": null,
    "created_at": "2026-01-01T19:30:51.233Z",
    "updated_at": "2026-01-01T19:30:51.446Z"
  }
},
{
  "model": "payments.payment",
  "pk": 224,
  "fields": {
    "booking": 83,
    "user": 1,
    "amount": "1800000.00",
    "method": "momo",
    "status": "paid_successfully",
    "transaction_ref": "1767340911_224",
    "momo_result_code": 0,
    "momo_message": "Thành công.",
    "momo_request_id": "047631f3ea66f",
    "momo_order_id": "1767340911_224",
    "momo_payment_type": "CC",
    "receipt_image": "",
    "payment_completed_at": "2026-01-02T08:02:31.512Z",
    "created_at": "2026-01-02T08:01:51.795Z",
    "updated_at": "2026-01-02T08:02:31.512Z"
  }
},
{
  "model": "payments.payment",
  "pk": 225,
  "fields": {
    "booking": 84,
    "user": 1,
    "amount": "900000.00",
    "method": "qr",
    "status": "deposit_paid",
    "transaction_ref": null,
    "momo_result_code": null,
    "momo_message": null,
    "momo_request_id": null,
    "momo_order_id": null,
    "momo_payment_type": "ATM",
    "receipt_image": "receipts/T1P04883_ehHx4Pj.jpg",
    "payment_completed_at": "2026-01-02T08:07:24.417Z",
    "created_at": "2026-01-02T08:05:13.058Z",
    "updated_at": "2026-01-02T08:07:24.417Z"
  }
},
{
  "model": "payments.payment",
  "pk": 226,
  "fields": {
    "booking": 84,
    "user": 1,
    "amount": "900000.00",
    "method": "momo",
    "status": "paid_successfully",
    "transaction_ref": "1767341254_226",
    "momo_result_code": 0,
    "momo_message": "Thành công.",
    "momo_request_id": "0476333a845f5",
    "momo_order_id": "1767341254_226",
    "momo_payment_type": "CC",
    "receipt_image": "",
    "payment_completed_at": "2026-01-02T08:08:06.704Z",
    "created_at": "2026-01-02T08:07:34.262Z",
    "updated_at": "2026-01-02T08:08:06.705Z"
  }
},
{
  "model": "payments.payment",
  "pk": 228,
  "fields": {
    "booking": 85,
    "user": 1,
    "amount": "900000.00",
    "method": "qr",
    "status": "deposit_paid",
    "transaction_ref": null,
    "momo_result_code": null,
    "momo_message": null,
    "momo_request_id": null,
    "momo_order_id": null,
    "momo_payment_type": "ATM",
    "receipt_image": "receipts/LUK04577_GbUS8T8.jpg",
    "payment_completed_at": "2026-01-02T08:15:21.369Z",
    "created_at": "2026-01-02T08:14:41.435Z",
    "updated_at": "2026-01-02T08:15:21.369Z"
  }
},
{
  "model": "payments.payment",
  "pk": 230,
  "fields": {
    "booking": 86,
    "user": 1,
    "amount": "3500000.00",
    "method": "momo",
    "status": "payment_failed",
    "transaction_ref": "1767341936_230",
    "momo_result_code": 1006,
    "momo_message": "Giao dịch bị từ chối bởi người dùng.",
    "momo_request_id": "047635c5001e5",
    "momo_order_id": "1767341936_230",
    "momo_payment_type": "ATM",
    "receipt_image": "",
    "payment_completed_at": null,
    "created_at": "2026-01-02T08:18:56.342Z",
    "updated_at": "2026-01-02T08:19:04.432Z"
  }
},
{
  "model": "payments.payment",
  "pk": 231,
  "fields": {
    "booking": 86,
    "user": 1,
    "amount": "1750000.00",
    "method": "qr",
    "status": "deposit_paid",
    "transaction_ref": null,
    "momo_result_code": null,
    "momo_message": null,
    "momo_request_id": null,
    "momo_order_id": null,
    "momo_payment_type": "ATM",
    "receipt_image": "receipts/LUK04577_GdAxmNf.jpg",
    "payment_completed_at": "2026-01-02T09:02:58.524Z",
    "created_at": "2026-01-02T09:02:38.242Z",
    "updated_at": "2026-01-02T09:02:58.524Z"
  }
},
{
  "model": "payments.payment",
  "pk": 232,
  "fields": {
    "booking": 86,
    "user": 1,
    "amount": "1750000.00",
    "method": "momo",
    "status": "paid_successfully",
    "transaction_ref": "1767344640_232",
    "momo_result_code": 0,
    "momo_message": "Thành công.",
    "momo_request_id": "04763fd82e5df",
    "momo_order_id": "1767344640_232",
    "momo_payment_type": "CC",
    "receipt_image": "",
    "payment_completed_at": "2026-01-02T09:04:30.032Z",
    "created_at": "2026-01-02T09:04:00.810Z",
    "updated_at": "2026-01-02T09:04:30.032Z"
  }
},
{
  "model": "payments.payment",
  "pk": 233,
  "fields": {
    "booking": 91,
    "user": 1,
    "amount": "5000000.00",
    "method": "momo",
    "status": "paid_successfully",
    "transaction_ref": "1768037753_233",
    "momo_result_code": 0,
    "momo_message": "Thành công.",
    "momo_request_id": "048055e430319",
    "momo_order_id": "1768037753_233",
    "momo_payment_type": "CC",
    "receipt_image": "",
    "payment_completed_at": "2026-01-10T09:36:28.764Z",
    "created_at": "2026-01-10T09:35:53.745Z",
    "updated_at": "2026-01-10T09:36:28.765Z"
  }
},
{
  "model": "payments.payment",
  "pk": 234,
  "fields": {
    "booking": 93,
    "user": 1,
    "amount": "3500000.00",
    "method": "qr",
    "status": "pending_payment",
    "transaction_ref": null,
    "momo_result_code": null,
    "momo_message": null,
    "momo_request_id": null,
    "momo_order_id": null,
    "momo_payment_type": "ATM",
    "receipt_image": "receipts/WEB-PQ-sao-chép-1400x788.jpg",
    "payment_completed_at": null,
    "created_at": "2026-01-10T10:03:31.249Z",
    "updated_at": "2026-01-10T15:27:04.899Z"
  }
},
{
  "model": "payments.payment",
  "pk": 235,
  "fields": {
    "booking": 96,
    "user": 1,
    "amount": "3500000.00",
    "method": "qr",
    "status": "deposit_paid",
    "transaction_ref": null,
    "momo_result_code": null,
    "momo_message": null,
    "momo_request_id": null,
    "momo_order_id": null,
    "momo_payment_type": "ATM",
    "receipt_image": "receipts/T1P04883_Qxqo4wW.jpg",
    "payment_completed_at": "2026-01-10T15:47:43.604Z",
    "created_at": "2026-01-10T15:32:34.521Z",
    "updated_at": "2026-01-10T15:47:43.604Z"
  }
},
{
  "model": "payments.payment",
  "pk": 236,
  "fields": {
    "booking": 96,
    "user": 1,
    "amount": "3500000.00",
    "method": "momo",
    "status": "payment_failed",
    "transaction_ref": "1768060095_236",
    "momo_result_code": 1006,
    "momo_message": "Giao dịch bị từ chối bởi người dùng.",
    "momo_request_id": "0480a91e91df6",
    "momo_order_id": "1768060095_236",
    "momo_payment_type": "ATM",
    "receipt_image": "",
    "payment_completed_at": null,
    "created_at": "2026-01-10T15:48:15.041Z",
    "updated_at": "2026-01-10T15:48:23.576Z"
  }
},
{
  "model": "payments.payment",
  "pk": 237,
  "fields": {
    "booking": 96,
    "user": 1,
    "amount": "3500000.00",
    "method": "momo",
    "status": "paid_successfully",
    "transaction_ref": "1768062332_237",
    "momo_result_code": 0,
    "momo_message": "Thành công.",
    "momo_request_id": "0480b1748314f",
    "momo_order_id": "1768062332_237",
    "momo_payment_type": "CC",
    "receipt_image": "",
    "payment_completed_at": "2026-01-10T16:26:06.778Z",
    "created_at": "2026-01-10T16:25:32.693Z",
    "updated_at": "2026-01-10T16:26:06.778Z"
  }
},
{
  "model": "payments.payment",
  "pk": 238,
  "fields": {
    "booking": 97,
    "user": 6,
    "amount": "1200000.00",
    "method": "momo",
    "status": "paid_successfully",
    "transaction_ref": "1768289300_238",
    "momo_result_code": 0,
    "momo_message": "Thành công.",
    "momo_request_id": "0483fef9bddb3",
    "momo_order_id": "1768289300_238",
    "momo_payment_type": "CC",
    "receipt_image": "",
    "payment_completed_at": "2026-01-13T07:29:00.124Z",
    "created_at": "2026-01-13T07:28:20.365Z",
    "updated_at": "2026-01-13T07:29:00.125Z"
  }
},
{
  "model": "payments.payment",
  "pk": 241,
  "fields": {
    "booking": 100,
    "user": 1,
    "amount": "11700000.00",
    "method": "momo",
    "status": "payment_failed",
    "transaction_ref": "1768379321_241",
    "momo_result_code": 1006,
    "momo_message": "Giao dịch bị từ chối bởi người dùng.",
    "momo_request_id": "04854e5451325",
    "momo_order_id": "1768379321_241",
    "momo_payment_type": "ATM",
    "receipt_image": "",
    "payment_completed_at": null,
    "created_at": "2026-01-14T08:28:41.219Z",
    "updated_at": "2026-01-14T08:28:52.153Z"
  }
},
{
  "model": "payments.payment",
  "pk": 242,
  "fields": {
    "booking": 102,
    "user": 1,
    "amount": "2800000.00",
    "method": "momo",
    "status": "payment_failed",
    "transaction_ref": "1768383617_242",
    "momo_result_code": 1006,
    "momo_message": "Giao dịch bị từ chối bởi người dùng.",
    "momo_request_id": "04855e55d4254",
    "momo_order_id": "1768383617_242",
    "momo_payment_type": "ATM",
    "receipt_image": "",
    "payment_completed_at": null,
    "created_at": "2026-01-14T09:40:17.771Z",
    "updated_at": "2026-01-14T09:40:26.188Z"
  }
},
{
  "model": "payments.payment",
  "pk": 243,
  "fields": {
    "booking": 102,
    "user": 1,
    "amount": "2800000.00",
    "method": "momo",
    "status": "paid_successfully",
    "transaction_ref": "1768383629_243",
    "momo_result_code": 0,
    "momo_message": "Thành công.",
    "momo_request_id": "04855e613d539",
    "momo_order_id": "1768383629_243",
    "momo_payment_type": "CC",
    "receipt_image": "",
    "payment_completed_at": "2026-01-14T09:41:03.466Z",
    "created_at": "2026-01-14T09:40:29.737Z",
    "updated_at": "2026-01-14T09:41:03.467Z"
  }
},
{
  "model": "payments.payment",
  "pk": 244,
  "fields": {
    "booking": 105,
    "user": 1,
    "amount": "9250000.00",
    "method": "qr",
    "status": "pending_payment",
    "transaction_ref": null,
    "momo_result_code": null,
    "momo_message": null,
    "momo_request_id": null,
    "momo_order_id": null,
    "momo_payment_type": "ATM",
    "receipt_image": "",
    "payment_completed_at": null,
    "created_at": "2026-01-16T15:00:12.568Z",
    "updated_at": "2026-01-16T15:00:12.568Z"
  }
},
{
  "model": "payments.payment",
  "pk": 245,
  "fields": {
    "booking": 105,
    "user": 1,
    "amount": "18500000.00",
    "method": "momo",
    "status": "pending_payment",
    "transaction_ref": null,
    "momo_result_code": null,
    "momo_message": null,
    "momo_request_id": null,
    "momo_order_id": null,
    "momo_payment_type": "CC",
    "receipt_image": "",
    "payment_completed_at": null,
    "created_at": "2026-01-16T15:00:24.996Z",
    "updated_at": "2026-01-16T15:00:24.996Z"
  }
},
{
  "model": "payments.payment",
  "pk": 246,
  "fields": {
    "booking": 117,
    "user": 1,
    "amount": "3900000.00",
    "method": "momo",
    "status": "payment_failed",
    "transaction_ref": "1768656769_246",
    "momo_result_code": 1006,
    "momo_message": "Giao dịch bị từ chối bởi người dùng.",
    "momo_request_id": "048957e773394",
    "momo_order_id": "1768656769_246",
    "momo_payment_type": "ATM",
    "receipt_image": "",
    "payment_completed_at": null,
    "created_at": "2026-01-17T13:32:49.329Z",
    "updated_at": "2026-01-17T13:33:00.535Z"
  }
},
{
  "model": "payments.payment",
  "pk": 247,
  "fields": {
    "booking": 119,
    "user": 1,
    "amount": "3900000.00",
    "method": "momo",
    "status": "paid_successfully",
    "transaction_ref": "1768656845_247",
    "momo_result_code": 0,
    "momo_message": "Thành công.",
    "momo_request_id": "0489582fb0de3",
    "momo_order_id": "1768656845_247",
    "momo_payment_type": "CC",
    "receipt_image": "",
    "payment_completed_at": "2026-01-17T13:34:54.208Z",
    "created_at": "2026-01-17T13:34:05.079Z",
    "updated_at": "2026-01-17T13:34:54.208Z"
  }
},
{
  "model": "payments.payment",
  "pk": 248,
  "fields": {
    "booking": 129,
    "user": 1,
    "amount": "2500000.00",
    "method": "momo",
    "status": "payment_failed",
    "transaction_ref": "1768744722_248",
    "momo_result_code": 1006,
    "momo_message": "Giao dịch bị từ chối bởi người dùng.",
    "momo_request_id": "048a9f8e9991e",
    "momo_order_id": "1768744722_248",
    "momo_payment_type": "CC",
    "receipt_image": "",
    "payment_completed_at": null,
    "created_at": "2026-01-18T13:58:42.991Z",
    "updated_at": "2026-01-18T13:58:54.482Z"
  }
},
{
  "model": "payments.payment",
  "pk": 249,
  "fields": {
    "booking": 129,
    "user": 1,
    "amount": "1250000.00",
    "method": "qr",
    "status": "deposit_paid",
    "transaction_ref": null,
    "momo_result_code": null,
    "momo_message": null,
    "momo_request_id": null,
    "momo_order_id": null,
    "momo_payment_type": "ATM",
    "receipt_image": "receipts/2.jpg",
    "payment_completed_at": "2026-01-18T13:59:30.592Z",
    "created_at": "2026-01-18T13:58:58.484Z",
    "updated_at": "2026-01-18T13:59:30.592Z"
  }
},
{
  "model": "payments.payment",
  "pk": 250,
  "fields": {
    "booking": 129,
    "user": 1,
    "amount": "1250000.00",
    "method": "momo",
    "status": "paid_successfully",
    "transaction_ref": "1768744782_250",
    "momo_result_code": 0,
    "momo_message": "Thành công.",
    "momo_request_id": "048a9fc786d1d",
    "momo_order_id": "1768744782_250",
    "momo_payment_type": "CC",
    "receipt_image": "",
    "payment_completed_at": "2026-01-18T14:00:18.579Z",
    "created_at": "2026-01-18T13:59:42.683Z",
    "updated_at": "2026-01-18T14:00:18.579Z"
  }
},
{
  "model": "payments.payment",
  "pk": 251,
  "fields": {
    "booking": 130,
    "user": 1,
    "amount": "37000000.00",
    "method": "momo",
    "status": "pending_payment",
    "transaction_ref": "1768914473_251",
    "momo_result_code": null,
    "momo_message": null,
    "momo_request_id": "048d17ed97f2f",
    "momo_order_id": "1768914473_251",
    "momo_payment_type": "CC",
    "receipt_image": "",
    "payment_completed_at": null,
    "created_at": "2026-01-20T13:07:53.808Z",
    "updated_at": "2026-01-20T13:07:54.093Z"
  }
},
{
  "model": "payments.payment",
  "pk": 252,
  "fields": {
    "booking": 152,
    "user": 1,
    "amount": "6800000.00",
    "method": "momo",
    "status": "pending_payment",
    "transaction_ref": "1769102009_252",
    "momo_result_code": null,
    "momo_message": null,
    "momo_request_id": "048fd28d5a2f9",
    "momo_order_id": "1769102009_252",
    "momo_payment_type": "CC",
    "receipt_image": "",
    "payment_completed_at": null,
    "created_at": "2026-01-22T17:13:29.275Z",
    "updated_at": "2026-01-22T17:13:29.520Z"
  }
},
{
  "model": "payments.payment",
  "pk": 253,
  "fields": {
    "booking": 152,
    "user": 1,
    "amount": "6800000.00",
    "method": "momo",
    "status": "paid_successfully",
    "transaction_ref": "1769102009_253",
    "momo_result_code": 0,
    "momo_message": "Thành công.",
    "momo_request_id": "048fd28da01cc",
    "momo_order_id": "1769102009_253",
    "momo_payment_type": "CC",
    "receipt_image": "",
    "payment_completed_at": "2026-01-22T17:14:09.515Z",
    "created_at": "2026-01-22T17:13:29.563Z",
    "updated_at": "2026-01-22T17:14:09.515Z"
  }
}
]
