[
{
  "model": "tours.tour",
  "pk": 1,
  "fields": {
    "name": "Đà Lạt 3 ngày 2 đêm",
    "slug": "tour-da-lat-3-ngay-2-dem",
    "description": "Khám phá thành phố sương mù với hoa và café.",
    "location": "Đà Lạt",
    "price": "2500000.00",
    "duration": 3,
    "max_people": 19,
    "is_active": true,
    "is_hot": false,
    "created_at": "2025-12-18T14:22:22.552Z",
    "updated_at": "2026-01-22T17:04:20.324Z"
  }
},
{
  "model": "tours.tour",
  "pk": 2,
  "fields": {
    "name": "Phú Quốc nghỉ dưỡng",
    "slug": "tour-phu-quoc-nghi-duong",
    "description": "Thư giãn tại biển Phú Quốc với resort 5 sao.",
    "location": "Phú Quốc",
    "price": "3500000.00",
    "duration": 4,
    "max_people": 15,
    "is_active": true,
    "is_hot": true,
    "created_at": "2025-12-18T14:22:22.555Z",
    "updated_at": "2026-01-22T17:04:20.323Z"
  }
},
{
  "model": "tours.tour",
  "pk": 3,
  "fields": {
    "name": "Sapa trekking",
    "slug": "tour-sapa-trekking",
    "description": "Leo núi, thăm bản làng tại Sapa.",
    "location": "Sapa",
    "price": "1800000.00",
    "duration": 2,
    "max_people": 10,
    "is_active": true,
    "is_hot": true,
    "created_at": "2025-12-18T14:22:22.556Z",
    "updated_at": "2026-01-22T17:04:20.322Z"
  }
},
{
  "model": "tours.tour",
  "pk": 7,
  "fields": {
    "name": "Hà Nội - Hạ Long 3 ngày 2 đêm",
    "slug": "tour-ha-noi-ha-long-3-ngay-2-em",
    "description": "Khám phá thủ đô Hà Nội ngàn năm văn hiến và vịnh Hạ Long kỳ vĩ. Trải nghiệm Phố Cổ, Văn Miếu, và du thuyền qua đêm trên vịnh Di sản Thế giới UNESCO.",
    "location": "Hà Nội",
    "price": "4500000.00",
    "duration": 3,
    "max_people": 20,
    "is_active": true,
    "is_hot": true,
    "created_at": "2026-01-11T07:32:30.711Z",
    "updated_at": "2026-01-22T17:04:20.321Z"
  }
},
{
  "model": "tours.tour",
  "pk": 8,
  "fields": {
    "name": "Hạ Long Bay Luxury Cruise 2 ngày 1 đêm",
    "slug": "tour-ha-long-bay-luxury-cruise-2-ngay-1-em",
    "description": "Du thuyền sang trọng khám phá Vịnh Hạ Long với hơn 1,600 đảo đá vôi. Bao gồm kayak, thăm hang động, bữa tối seafood tươi sống và tập Thái Cực buổi sáng.",
    "location": "Hạ Long",
    "price": "6800000.00",
    "duration": 2,
    "max_people": 16,
    "is_active": true,
    "is_hot": false,
    "created_at": "2026-01-11T07:32:30.716Z",
    "updated_at": "2026-01-22T17:04:20.320Z"
  }
},
{
  "model": "tours.tour",
  "pk": 9,
  "fields": {
    "name": "Ninh Bình - Tràng An 1 ngày",
    "slug": "tour-ninh-binh-trang-an-1-ngay",
    "description": "Khám phá \"Vịnh Hạ Long trên cạn\" tại Tràng An. Chèo thuyền qua các hang động kỳ ảo, thăm chùa Bái Đính và ngắm cảnh đẹp Hang Múa.",
    "location": "Ninh Bình",
    "price": "1200000.00",
    "duration": 1,
    "max_people": 25,
    "is_active": true,
    "is_hot": false,
    "created_at": "2026-01-11T07:32:30.717Z",
    "updated_at": "2026-01-22T17:04:20.319Z"
  }
},
{
  "model": "tours.tour",
  "pk": 10,
  "fields": {
    "name": "Hội An - Huế - Đà Nẵng 4 ngày 3 đêm",
    "slug": "tour-hoi-an-hue-a-nang-4-ngay-3-em",
    "description": "Khám phá Di sản Văn hóa Thế giới: Phố cổ Hội An lung linh đèn lồng, Cố đô Huế hoàng gia, và Đà Nẵng hiện đại. Bao gồm Cầu Vàng, Bà Nà Hills.",
    "location": "Hội An",
    "price": "7200000.00",
    "duration": 4,
    "max_people": 18,
    "is_active": true,
    "is_hot": false,
    "created_at": "2026-01-11T07:32:30.719Z",
    "updated_at": "2026-01-22T17:04:20.318Z"
  }
},
{
  "model": "tours.tour",
  "pk": 11,
  "fields": {
    "name": "Huế Cố Đô 2 ngày 1 đêm",
    "slug": "tour-hue-co-o-2-ngay-1-em",
    "description": "Trải nghiệm lịch sử triều Nguyễn tại Cố đô Huế. Thăm Đại Nội, lăng Khải Định, thuyền rồng trên Sông Hương, và thưởng thức ẩm thực cung đình.",
    "location": "Huế",
    "price": "3200000.00",
    "duration": 2,
    "max_people": 20,
    "is_active": true,
    "is_hot": false,
    "created_at": "2026-01-11T07:32:30.720Z",
    "updated_at": "2026-01-22T17:04:20.317Z"
  }
},
{
  "model": "tours.tour",
  "pk": 12,
  "fields": {
    "name": "Hồ Chí Minh - Cần Thơ - Đồng bằng sông Cửu Long 3 ngày",
    "slug": "tour-ho-chi-minh-can-tho-ong-bang-song-cuu-long-3-ngay",
    "description": "Khám phá thành phố Hồ Chí Minh sôi động và miền Tây sông nước. Thăm chợ nổi Cái Răng, vườn trái cây, địa đạo Củ Chi, chùa Vĩnh Nghiêm.",
    "location": "Hồ Chí Minh",
    "price": "4800000.00",
    "duration": 3,
    "max_people": 22,
    "is_active": true,
    "is_hot": false,
    "created_at": "2026-01-11T07:32:30.721Z",
    "updated_at": "2026-01-22T17:04:20.315Z"
  }
},
{
  "model": "tours.tour",
  "pk": 13,
  "fields": {
    "name": "Nha Trang biển đảo 4 ngày 3 đêm",
    "slug": "tour-nha-trang-bien-ao-4-ngay-3-em",
    "description": "Nghỉ dưỡng tại bãi biển Nha Trang đẹp nhất Việt Nam. Tour tham quan 4 đảo, lặn ngắm san hô, tắm bùn khoáng, và thưởng thức hải sản tươi sống.",
    "location": "Nha Trang",
    "price": "5500000.00",
    "duration": 4,
    "max_people": 20,
    "is_active": true,
    "is_hot": false,
    "created_at": "2026-01-11T07:32:30.722Z",
    "updated_at": "2026-01-22T17:04:20.314Z"
  }
},
{
  "model": "tours.tour",
  "pk": 14,
  "fields": {
    "name": "Panorama Việt Nam từ Bắc vào Nam 10 ngày",
    "slug": "tour-panorama-viet-nam-tu-bac-vao-nam-10-ngay",
    "description": "Hành trình toàn cảnh Việt Nam: Hà Nội - Hạ Long - Đà Nẵng - Hội An - Sài Gòn - Mekong Delta. Trải nghiệm văn hóa và ẩm thực ba miền trong 10 ngày.",
    "location": "Hà Nội",
    "price": "18500000.00",
    "duration": 10,
    "max_people": 15,
    "is_active": true,
    "is_hot": true,
    "created_at": "2026-01-11T07:32:30.723Z",
    "updated_at": "2026-01-22T17:04:20.312Z"
  }
},
{
  "model": "tours.tour",
  "pk": 15,
  "fields": {
    "name": "Mekong Delta 2 ngày 1 đêm",
    "slug": "tour-mekong-delta-2-ngay-1-em",
    "description": "Khám phá miền Tây sông nước: chợ nổi Cái Răng, làng hoa Sa Đéc, vườn trái cây, trải nghiệm homestay với người dân địa phương.",
    "location": "Cần Thơ",
    "price": "2800000.00",
    "duration": 2,
    "max_people": 25,
    "is_active": true,
    "is_hot": true,
    "created_at": "2026-01-11T07:32:30.724Z",
    "updated_at": "2026-01-22T17:04:20.311Z"
  }
},
{
  "model": "tours.tour",
  "pk": 16,
  "fields": {
    "name": "Mũi Né 3 ngày 2 đêm",
    "slug": "tour-mui-ne-3-ngay-2-em",
    "description": "Nghỉ dưỡng tại bãi biển Mũi Né. Ngắm bình minh đồi cát bay, thăm suối Tiên, thưởng thức hải sản tươi sống và tham gia thể thao biển.",
    "location": "Phan Thiết",
    "price": "3900000.00",
    "duration": 3,
    "max_people": 18,
    "is_active": true,
    "is_hot": true,
    "created_at": "2026-01-11T07:32:30.725Z",
    "updated_at": "2026-01-22T17:04:20.307Z"
  }
},
{
  "model": "tours.tour",
  "pk": 17,
  "fields": {
    "name": "Khám phá Hà Giang - Mùa hoa Tam Giác Mạch",
    "slug": "khám-phá-hà-giang---mùa-hoa-tam-giác-mạch",
    "description": "Chinh phục Cao nguyên đá Đồng Văn, ngắm hoa tam giác mạch nở rộ, tham quan Cột cờ Lũng Cú và trải nghiệm văn hóa người H'Mông.",
    "location": "Hà Giang",
    "price": "3500000.00",
    "duration": 3,
    "max_people": 20,
    "is_active": true,
    "is_hot": false,
    "created_at": "2026-01-21T16:00:17.368Z",
    "updated_at": "2026-01-23T14:12:40.063Z"
  }
},
{
  "model": "tours.tour",
  "pk": 18,
  "fields": {
    "name": "Săn mây Tà Xùa - Thiên đường hạ giới",
    "slug": "săn-mây-tà-xùa---thiên-dường-hạ-giới",
    "description": "Trải nghiệm săn mây trên đỉnh Tà Xùa, thưởng thức chè cổ thụ Suối Giàng và check-in sống lưng khủng long hùng vĩ.",
    "location": "Sơn La",
    "price": "2800000.00",
    "duration": 2,
    "max_people": 20,
    "is_active": true,
    "is_hot": true,
    "created_at": "2026-01-21T16:00:17.380Z",
    "updated_at": "2026-01-23T14:12:40.061Z"
  }
},
{
  "model": "tours.tour",
  "pk": 19,
  "fields": {
    "name": "Động Phong Nha - Kẻ Bàng: Kỳ quan đệ nhất Động",
    "slug": "dộng-phong-nha---kẻ-bàng:-kỳ-quan-dệ-nhất-dộng",
    "description": "Khám phá hệ thống hang động kỳ vĩ nhất thế giới, chèo thuyền trên sông Son và trải nghiệm zipline sông Chày - hang Tối.",
    "location": "Quảng Bình",
    "price": "4200000.00",
    "duration": 3,
    "max_people": 20,
    "is_active": true,
    "is_hot": true,
    "created_at": "2026-01-21T16:00:17.384Z",
    "updated_at": "2026-01-23T14:12:40.060Z"
  }
},
{
  "model": "tours.tour",
  "pk": 20,
  "fields": {
    "name": "Quy Nhơn - Kỳ Co - Eo Gió: Maldives Việt Nam",
    "slug": "quy-nhơn---kỳ-co---eo-gió:-maldives-việt-nam",
    "description": "Tận hưởng bãi biển Kỳ Co trong xanh, ngắm hoàng hôn tại Eo Gió và thưởng thức hải sản tươi ngon đất võ Bình Định.",
    "location": "Bình Định",
    "price": "5500000.00",
    "duration": 4,
    "max_people": 20,
    "is_active": true,
    "is_hot": false,
    "created_at": "2026-01-21T16:00:17.386Z",
    "updated_at": "2026-01-23T13:26:33.834Z"
  }
},
{
  "model": "tours.tour",
  "pk": 21,
  "fields": {
    "name": "Tuyệt Tình Cốc Đà Lạt - Làng Cù Lần",
    "slug": "tuyệt-tình-cốc-dà-lạt---làng-cù-lần",
    "description": "Khám phá vẻ đẹp hoang sơ của Tuyệt Tình Cốc, Làng Cù Lần và trải nghiệm không khí se lạnh, lãng mạn của thành phố ngàn hoa.",
    "location": "Đà Lạt",
    "price": "3200000.00",
    "duration": 3,
    "max_people": 20,
    "is_active": true,
    "is_hot": false,
    "created_at": "2026-01-21T16:00:17.388Z",
    "updated_at": "2026-01-23T13:26:33.832Z"
  }
},
{
  "model": "tours.tour",
  "pk": 22,
  "fields": {
    "name": "Côn đảo tâm linh - Nghỉ dưỡng",
    "slug": "côn-dảo-tâm-linh-&-nghỉ-dưỡng",
    "description": "Viếng mộ cô Sáu linh thiêng, tham quan nhà tù Côn Đảo và nghỉ dưỡng tại những bãi biển hoang sơ đẹp nhất Việt Nam.",
    "location": "Bà Rịa - Vũng Tàu",
    "price": "6800000.00",
    "duration": 3,
    "max_people": 20,
    "is_active": true,
    "is_hot": false,
    "created_at": "2026-01-21T16:00:17.390Z",
    "updated_at": "2026-01-23T13:46:26.397Z"
  }
},
{
  "model": "tours.tour",
  "pk": 23,
  "fields": {
    "name": "Buôn Ma Thuột - Mùa hoa cà phê",
    "slug": "buôn-ma-thuột---mùa-hoa-cà-phê",
    "description": "Cưỡi voi Bản Đôn, ngắm thác Dray Nur hùng vĩ và thưởng thức hương vị cà phê đại ngàn Tây Nguyên.",
    "location": "Đắk Lắk",
    "price": "3900000.00",
    "duration": 3,
    "max_people": 20,
    "is_active": true,
    "is_hot": false,
    "created_at": "2026-01-21T16:00:17.392Z",
    "updated_at": "2026-01-23T14:12:40.057Z"
  }
},
{
  "model": "tours.tourimage",
  "pk": 2,
  "fields": {
    "tour": 1,
    "image": "tours/Hình-Nền-ĐL-Hè_71ntPBX.jpg",
    "alt_text": "",
    "is_main": true,
    "created_at": "2025-12-19T05:23:05.483Z"
  }
},
{
  "model": "tours.tourimage",
  "pk": 3,
  "fields": {
    "tour": 2,
    "image": "tours/WEB-PQ-sao-chép-1400x788.jpg",
    "alt_text": "",
    "is_main": true,
    "created_at": "2025-12-19T07:48:27.918Z"
  }
},
{
  "model": "tours.tourimage",
  "pk": 4,
  "fields": {
    "tour": 3,
    "image": "tours/mau-ngang-dai-2-1.jpg",
    "alt_text": "",
    "is_main": true,
    "created_at": "2025-12-19T07:49:54.608Z"
  }
},
{
  "model": "tours.tourimage",
  "pk": 5,
  "fields": {
    "tour": 7,
    "image": "tours/tour_7_ha_noi_ha_long_tour_1768394623908_HOTLBzT.png",
    "alt_text": "Tour Hà Nội - Hạ Long 3 ngày 2 đêm",
    "is_main": true,
    "created_at": "2026-01-14T12:47:25.239Z"
  }
},
{
  "model": "tours.tourimage",
  "pk": 6,
  "fields": {
    "tour": 8,
    "image": "tours/tour_8_ha_long_luxury_cruise_1768394649967_GpTgbVb.png",
    "alt_text": "Tour Hạ Long Bay Luxury Cruise 2 ngày 1 đêm",
    "is_main": true,
    "created_at": "2026-01-14T12:47:25.245Z"
  }
},
{
  "model": "tours.tourimage",
  "pk": 7,
  "fields": {
    "tour": 9,
    "image": "tours/tour_9_ninh_binh_trang_an_1768394666294_rXOmCUS.png",
    "alt_text": "Tour Ninh Bình - Tràng An 1 ngày",
    "is_main": true,
    "created_at": "2026-01-14T12:47:25.249Z"
  }
},
{
  "model": "tours.tourimage",
  "pk": 8,
  "fields": {
    "tour": 10,
    "image": "tours/tour_10_hoi_an_hue_da_nang_1768394688009_SqAhEWk.png",
    "alt_text": "Tour Hội An - Huế - Đà Nẵng 4 ngày 3 đêm",
    "is_main": true,
    "created_at": "2026-01-14T12:47:25.253Z"
  }
},
{
  "model": "tours.tourimage",
  "pk": 9,
  "fields": {
    "tour": 11,
    "image": "tours/tour_11_hue_imperial_city_1768394135604_VuUXf2S.png",
    "alt_text": "Tour Huế Cố Đô 2 ngày 1 đêm",
    "is_main": true,
    "created_at": "2026-01-14T12:47:25.256Z"
  }
},
{
  "model": "tours.tourimage",
  "pk": 11,
  "fields": {
    "tour": 13,
    "image": "tours/tour_13_nha_trang_beach_1768394098058_UhcFYOJ.png",
    "alt_text": "Tour Nha Trang biển đảo 4 ngày 3 đêm",
    "is_main": true,
    "created_at": "2026-01-14T12:47:25.263Z"
  }
},
{
  "model": "tours.tourimage",
  "pk": 12,
  "fields": {
    "tour": 14,
    "image": "tours/tour_14_vietnam_panorama_north_south_1768394751445_rlxq6WJ.png",
    "alt_text": "Tour Panorama Việt Nam từ Bắc vào Nam 10 ngày",
    "is_main": true,
    "created_at": "2026-01-14T12:47:25.266Z"
  }
},
{
  "model": "tours.tourimage",
  "pk": 13,
  "fields": {
    "tour": 15,
    "image": "tours/tour_15_mekong_delta_scenic_1768394082061_d9oEqyJ.png",
    "alt_text": "Tour Mekong Delta 2 ngày 1 đêm",
    "is_main": true,
    "created_at": "2026-01-14T12:47:25.269Z"
  }
},
{
  "model": "tours.tourimage",
  "pk": 15,
  "fields": {
    "tour": 12,
    "image": "tours/tour_12_updated_mekong_delta_can_tho_new_1768395091069_2cg7B9u.png",
    "alt_text": "Tour Hồ Chí Minh - Cần Thơ - Đồng bằng sông Cửu Long 3 ngày",
    "is_main": true,
    "created_at": "2026-01-14T12:52:06.024Z"
  }
},
{
  "model": "tours.tourimage",
  "pk": 16,
  "fields": {
    "tour": 16,
    "image": "tours/tour_16_updated_mui_ne_sand_dunes_new_1768395071287_tZynMuW.png",
    "alt_text": "Tour Mũi Né 3 ngày 2 đêm",
    "is_main": true,
    "created_at": "2026-01-14T12:52:06.029Z"
  }
},
{
  "model": "tours.tourimage",
  "pk": 24,
  "fields": {
    "tour": 23,
    "image": "tours/buon_ma_thuot.png",
    "alt_text": "Buôn Ma Thuột - Mùa Hoa Cà Phê",
    "is_main": true,
    "created_at": "2026-01-23T13:32:00.557Z"
  }
},
{
  "model": "tours.tourimage",
  "pk": 25,
  "fields": {
    "tour": 22,
    "image": "tours/con_dao.png",
    "alt_text": "Côn Đảo Tâm Linh & Nghỉ Dưỡng",
    "is_main": true,
    "created_at": "2026-01-23T13:32:00.563Z"
  }
},
{
  "model": "tours.tourimage",
  "pk": 26,
  "fields": {
    "tour": 21,
    "image": "tours/tuyet_tinh_coc.png",
    "alt_text": "Tuyệt Tình Cốc Đà Lạt - Làng Cù Lần",
    "is_main": true,
    "created_at": "2026-01-23T13:32:00.565Z"
  }
},
{
  "model": "tours.tourimage",
  "pk": 27,
  "fields": {
    "tour": 20,
    "image": "tours/quy_nhon.png",
    "alt_text": "Quy Nhơn - Kỳ Co - Eo Gió: Maldives Việt Nam",
    "is_main": true,
    "created_at": "2026-01-23T13:32:00.568Z"
  }
},
{
  "model": "tours.tourimage",
  "pk": 28,
  "fields": {
    "tour": 19,
    "image": "tours/phong_nha.png",
    "alt_text": "Động Phong Nha - Kẻ Bàng: Kỳ Quan Đệ Nhất Động",
    "is_main": true,
    "created_at": "2026-01-23T13:32:00.570Z"
  }
},
{
  "model": "tours.tourimage",
  "pk": 29,
  "fields": {
    "tour": 18,
    "image": "tours/ta_xua.png",
    "alt_text": "Săn Mây Tà Xùa - Thiên Đường Hạ Giới",
    "is_main": true,
    "created_at": "2026-01-23T13:32:00.572Z"
  }
},
{
  "model": "tours.tourimage",
  "pk": 30,
  "fields": {
    "tour": 17,
    "image": "tours/ha_giang.png",
    "alt_text": "Khám phá Hà Giang - Mùa Hoa Tam Giác Mạch",
    "is_main": true,
    "created_at": "2026-01-23T13:32:00.575Z"
  }
},
{
  "model": "tours.review",
  "pk": 13,
  "fields": {
    "booking": 86,
    "tour": 2,
    "user": 1,
    "rating": 4,
    "comment": "tạm được",
    "is_featured": false,
    "created_at": "2026-01-10T08:38:56.263Z",
    "updated_at": "2026-01-10T08:38:56.263Z"
  }
},
{
  "model": "tours.review",
  "pk": 14,
  "fields": {
    "booking": 85,
    "tour": 3,
    "user": 1,
    "rating": 5,
    "comment": "đẹp",
    "is_featured": false,
    "created_at": "2026-01-10T08:39:04.574Z",
    "updated_at": "2026-01-10T08:39:04.574Z"
  }
},
{
  "model": "tours.review",
  "pk": 15,
  "fields": {
    "booking": 84,
    "tour": 3,
    "user": 1,
    "rating": 3,
    "comment": "cũng được",
    "is_featured": false,
    "created_at": "2026-01-10T08:45:00.259Z",
    "updated_at": "2026-01-10T08:45:00.259Z"
  }
},
{
  "model": "tours.review",
  "pk": 16,
  "fields": {
    "booking": 83,
    "tour": 3,
    "user": 1,
    "rating": 2,
    "comment": "k vui",
    "is_featured": false,
    "created_at": "2026-01-10T08:58:06.208Z",
    "updated_at": "2026-01-10T08:58:06.208Z"
  }
},
{
  "model": "tours.review",
  "pk": 17,
  "fields": {
    "booking": 91,
    "tour": 1,
    "user": 1,
    "rating": 2,
    "comment": "cũng tạm",
    "is_featured": false,
    "created_at": "2026-01-10T09:36:44.909Z",
    "updated_at": "2026-01-10T09:36:44.909Z"
  }
},
{
  "model": "tours.review",
  "pk": 18,
  "fields": {
    "booking": 96,
    "tour": 2,
    "user": 1,
    "rating": 5,
    "comment": "Một trải nghiệm rất tuyệt vời",
    "is_featured": false,
    "created_at": "2026-01-11T06:47:51.374Z",
    "updated_at": "2026-01-11T06:47:51.374Z"
  }
},
{
  "model": "tours.review",
  "pk": 19,
  "fields": {
    "booking": 97,
    "tour": 9,
    "user": 6,
    "rating": 5,
    "comment": "được đấy",
    "is_featured": false,
    "created_at": "2026-01-13T07:56:50.315Z",
    "updated_at": "2026-01-13T07:56:50.315Z"
  }
},
{
  "model": "tours.review",
  "pk": 20,
  "fields": {
    "booking": 119,
    "tour": 16,
    "user": 1,
    "rating": 4,
    "comment": "ok",
    "is_featured": false,
    "created_at": "2026-01-18T09:25:09.124Z",
    "updated_at": "2026-01-18T09:25:09.124Z"
  }
},
{
  "model": "tours.review",
  "pk": 21,
  "fields": {
    "booking": 129,
    "tour": 1,
    "user": 1,
    "rating": 5,
    "comment": "Tuyệt vời",
    "is_featured": false,
    "created_at": "2026-01-18T14:00:34.820Z",
    "updated_at": "2026-01-18T14:00:34.820Z"
  }
}
]
